{"centroids": {"Noisy": [1.8420416679476534, 1.5436100410281366, 1.9622679985987583, 0.7207309695874186, 1.9601247083294309, 0.5, 1.8371173070873812, 1.2247448713915925], "Sleepy": [-0.7134813859595509, -0.7897539744795119, -0.6270522539242449, -0.7853190883025389, -0.6217044649179754, -2.0, -0.7144345083117584, -0.8164965809277269], "Silent": [-0.7341320773042556, -0.9692435141339453, -0.6322516921823231, -0.7883372246910959, -0.6217044649179754, 0.5, -0.7144345083117584, -0.8164965809277269], "Quiet": [-0.68766802177867, -0.610264434825077, -0.5854567478596193, -0.7732465427483107, -0.6113771482249853, 0.5, -0.7144345083117584, -0.8164965809277269], "Conversation": [0.2932398170948021, 0.8256518824103983, -0.11750730463256992, 1.6261718861545276, -0.10533863026849408, 0.5, 0.3061862178478965, 1.2247448713915925]}, "scaler_mean": [0.14320000000000088, 37.0, 122.6, 261.2, 120.4, 84.0, 1.4, 0.4], "scaler_scale": [0.1936981156335812, 27.85677655436824, 192.32846903149763, 331.3302883830574, 193.66114736828374, 32.0, 1.959591794226547, 0.48989794855663454]}